Title,Company’,Ratings,Reviews,URL,Company
PMO Finance  Analyst/Senior Analyst,,3.4,(37 Reviews),https://www.naukri.com/job-listings-pmo-finance-analyst-senior-analyst-puma-energy-mumbai-all-areas-7-to-10-years-201222008183,Puma Energy
Business / Financial Analysts,,3.5,(17 Reviews),https://www.naukri.com/job-listings-business-financial-analysts-imaginarium-india-pvt-ltd-mumbai-3-to-5-years-201222501097,Imaginarium
Financial Analyst II,,4.0,(536 Reviews),https://www.naukri.com/job-listings-financial-analyst-ii-worleyparsons-sdn-bhd-mumbai-navi-mumbai-5-to-9-years-211222502755,Worleyparsons
Finance Process Enablement Sr Analyst-Record To Report,,4.1,(33240 Reviews),https://www.naukri.com/job-listings-finance-process-enablement-sr-analyst-record-to-report-accenture-solutions-pvt-ltd-mumbai-5-to-8-years-071222912181,Accenture
Controllership Analyst-Finance Processes,,4.1,(33240 Reviews),https://www.naukri.com/job-listings-controllership-analyst-finance-processes-accenture-solutions-pvt-ltd-mumbai-4-to-5-years-151222911705,Accenture
"Lead Financial, Regulatory and Risk Reporting Analyst",,4.2,(2079 Reviews),https://www.naukri.com/job-listings-lead-financial-regulatory-and-risk-reporting-analyst-deutsche-bank-mumbai-3-to-7-years-151222501463,Deutsche Bank
Financial Planning and Analysis Analyst,,4.2,(2079 Reviews),https://www.naukri.com/job-listings-financial-planning-and-analysis-analyst-deutsche-bank-mumbai-all-areas-1-to-4-years-151222009433,Deutsche Bank
Business Finance Analyst,,4.2,(2079 Reviews),https://www.naukri.com/job-listings-business-finance-analyst-deutsche-bank-mumbai-2-to-5-years-141222501147,Deutsche Bank
Oracle Fusion Finance Analyst,,3.9,(4077 Reviews),https://www.naukri.com/job-listings-oracle-fusion-finance-analyst-oracle-india-pvt-ltd-hyderabad-secunderabad-pune-chennai-delhi-ncr-bangalore-bengaluru-mumbai-all-areas-5-to-10-years-010422002929,Oracle
Lead Analyst - Trade Finance,,3.9,(1006 Reviews),https://www.naukri.com/job-listings-lead-analyst-trade-finance-crisil-pune-gurgaon-gurugram-chennai-mumbai-all-areas-6-to-11-years-071222009832,Crisil
Analyst - Finance,,4.3,(581 Reviews),https://www.naukri.com/job-listings-analyst-finance-colgate-palmolive-india-mumbai-1-to-6-years-151222501101,Colgate-Palmolive (India)
Financial Analyst,,4.3,(493 Reviews),https://www.naukri.com/job-listings-financial-analyst-general-mills-inc-mumbai-4-to-9-years-161222500666,General Mills
"Financial, Regulatory and Risk Reporting Analyst",,4.2,(2079 Reviews),https://www.naukri.com/job-listings-financial-regulatory-and-risk-reporting-analyst-deutsche-bank-mumbai-2-to-6-years-141222501152,Deutsche Bank
Controllership Analyst-Finance Processes and Operations,,4.1,(33240 Reviews),https://www.naukri.com/job-listings-controllership-analyst-finance-processes-and-operations-accenture-solutions-pvt-ltd-mumbai-3-to-5-years-091222908761,Accenture
Finance Process Enablement Analyst-Record To Report,,4.1,(33240 Reviews),https://www.naukri.com/job-listings-finance-process-enablement-analyst-record-to-report-accenture-solutions-pvt-ltd-mumbai-3-to-5-years-071222912203,Accenture
Controllership Analyst-Finance Processes and Operations,,4.1,(33240 Reviews),https://www.naukri.com/job-listings-controllership-analyst-finance-processes-and-operations-accenture-solutions-pvt-ltd-mumbai-3-to-5-years-071222907779,Accenture
"Specialist, Finance and BI Analyst",,4.2,(1083 Reviews),https://www.naukri.com/job-listings-specialist-finance-and-bi-analyst-s-p-global-inc-mumbai-1-to-4-years-151222503462,S&P Global Inc.
Associate Analyst I - Finance,,4.3,(581 Reviews),https://www.naukri.com/job-listings-associate-analyst-i-finance-colgate-palmolive-india-mumbai-1-to-2-years-141222502614,Colgate-Palmolive (India)
Associate Analyst I - Finance,,4.3,(581 Reviews),https://www.naukri.com/job-listings-associate-analyst-i-finance-colgate-palmolive-india-mumbai-3-to-5-years-121222500535,Colgate-Palmolive (India)
