Title,Ratings,Reviews,URL
Senior Financial Analyst,3.9,(198 Reviews),https://www.naukri.com/job-listings-senior-financial-analyst-cpa-global-support-services-india-pvt-limited-hyderabad-secunderabad-2-to-3-years-201222500668
Senior Financial Analyst,3.9,(293 Reviews),https://www.naukri.com/job-listings-senior-financial-analyst-clarivate-analytics-hyderabad-secunderabad-2-to-3-years-201222500650
CIB Finance Markets - Senior Finance Analyst,4.2,(3544 Reviews),https://www.naukri.com/job-listings-cib-finance-markets-senior-finance-analyst-wells-fargo-india-solutions-pvt-ltd-hyderabad-secunderabad-bangalore-bengaluru-7-to-12-years-131222501466
Financial Analyst,3.3,(476 Reviews),https://www.naukri.com/job-listings-financial-analyst-highradius-hyderabad-secunderabad-4-to-9-years-171222500691
Analyst-Finance Processes and Operations,4.1,(33240 Reviews),https://www.naukri.com/job-listings-analyst-finance-processes-and-operations-accenture-solutions-pvt-ltd-hyderabad-secunderabad-3-to-5-years-191222907776
Oracle Fusion Finance Analyst,3.9,(4077 Reviews),https://www.naukri.com/job-listings-oracle-fusion-finance-analyst-oracle-india-pvt-ltd-hyderabad-secunderabad-pune-chennai-delhi-ncr-bangalore-bengaluru-mumbai-all-areas-5-to-10-years-010422002929
Financial Analyst,4.2,(479 Reviews),https://www.naukri.com/job-listings-financial-analyst-otis-hyderabad-secunderabad-ahmedabad-bangalore-bengaluru-0-to-2-years-101222500288
Finance Program & Ops Senior Analyst-Finance Processes,4.1,(33240 Reviews),https://www.naukri.com/job-listings-finance-program-ops-senior-analyst-finance-processes-accenture-solutions-pvt-ltd-hyderabad-secunderabad-5-to-8-years-161222909447
CIB Finance Markets - Lead Finance Analyst,4.2,(3544 Reviews),https://www.naukri.com/job-listings-cib-finance-markets-lead-finance-analyst-wells-fargo-india-solutions-pvt-ltd-hyderabad-secunderabad-bangalore-bengaluru-12-to-16-years-141222501463
CIB Finance Markets - Finance Analyst,4.2,(3544 Reviews),https://www.naukri.com/job-listings-cib-finance-markets-finance-analyst-wells-fargo-india-solutions-pvt-ltd-hyderabad-secunderabad-bangalore-bengaluru-5-to-8-years-131222501465
Opening For Financial Analyst OTC_ Night Shifts_ Hyderabad _ CBRE,4.3,(2519 Reviews),https://www.naukri.com/job-listings-opening-for-financial-analyst-otc-night-shifts-hyderabad-cbre-cbre-hyderabad-secunderabad-4-to-9-years-081222007395
MS Dynamics 365 F&O Finance Business Analyst,2.8,(5 Reviews),https://www.naukri.com/job-listings-ms-dynamics-365-f-o-finance-business-analyst-targus-india-hyderabad-secunderabad-7-to-12-years-141222005291
Finance Program & Ops Analyst-Finance Processes,4.1,(33240 Reviews),https://www.naukri.com/job-listings-finance-program-ops-analyst-finance-processes-accenture-solutions-pvt-ltd-hyderabad-secunderabad-3-to-5-years-191222907511
Financial and Planning Analyst,4.0,(94 Reviews),https://www.naukri.com/job-listings-financial-and-planning-analyst-epiq-systems-hyderabad-secunderabad-3-to-6-years-121222008317
Financial and Planning Analyst,4.0,(94 Reviews),https://www.naukri.com/job-listings-financial-and-planning-analyst-epiq-systems-inc-hyderabad-secunderabad-4-to-8-years-101222500906
Financial and Planning Analyst,4.0,(94 Reviews),https://www.naukri.com/job-listings-financial-and-planning-analyst-epiq-global-hyderabad-secunderabad-canada-3-to-5-years-101222500141
